{
  "version": 1,
  "author": "Uri Shaked",
  "editor": "wokwi",
  "parts": [
    { "type": "wokwi-arduino-uno", "id": "uno", "top": 317.4, "left": 297, "attrs": {} },
    {
      "type": "wokwi-buzzer",
      "id": "buzzer",
      "top": 189.3,
      "left": 398.1,
      "rotate": 90,
      "attrs": { "volume": "0.2" }
    },
    {
      "type": "wokwi-pushbutton",
      "id": "btn1",
      "top": 70,
      "left": 0,
      "rotate": 90,
      "attrs": { "color": "red", "key": "1" }
    },
    {
      "type": "wokwi-pushbutton",
      "id": "btn2",
      "top": 70,
      "left": 50,
      "rotate": 90,
      "attrs": { "color": "orange", "key": "2" }
    },
    {
      "type": "wokwi-pushbutton",
      "id": "btn3",
      "top": 70,
      "left": 100,
      "rotate": 90,
      "attrs": { "color": "yellow", "key": "3" }
    },
    {
      "type": "wokwi-pushbutton",
      "id": "btn4",
      "top": 70,
      "left": 150,
      "rotate": 90,
      "attrs": { "color": "green", "key": "4" }
    },
    {
      "type": "wokwi-pushbutton",
      "id": "btn5",
      "top": 66.6,
      "left": 204.6,
      "rotate": 90,
      "attrs": { "color": "cyan", "key": "5" }
    },
    {
      "type": "wokwi-pushbutton",
      "id": "btn6",
      "top": 70,
      "left": 250,
      "rotate": 90,
      "attrs": { "color": "blue", "key": "6" }
    },
    {
      "type": "wokwi-pushbutton",
      "id": "btn7",
      "top": 70,
      "left": 300,
      "rotate": 90,
      "attrs": { "color": "purple", "key": "7" }
    },
    {
      "type": "wokwi-pushbutton",
      "id": "btn8",
      "top": 70,
      "left": 350,
      "rotate": 90,
      "attrs": { "color": "red", "key": "8" }
    },
    {
      "type": "board-ssd1306",
      "id": "oled1",
      "top": 329.54,
      "left": 633.83,
      "attrs": { "i2cAddress": "0x3c" }
    },
    {
      "type": "wokwi-pushbutton",
      "id": "btn9",
      "top": 143.4,
      "left": 531,
      "rotate": 90,
      "attrs": { "color": "white", "xray": "1" }
    },
    {
      "type": "wokwi-pushbutton",
      "id": "btn10",
      "top": 143.4,
      "left": 636.6,
      "rotate": 90,
      "attrs": { "color": "black", "xray": "1" }
    }
  ],
  "connections": [
    [ "uno:GND.1", "buzzer:1", "black", [ "v-16", "*", "h-18" ] ],
    [ "uno:8", "buzzer:2", "gold", [ "v-24", "*", "h-10" ] ],
    [ "uno:12", "btn1:1.r", "red", [ "v-24", "h0" ] ],
    [ "uno:GND.1", "btn1:2.r", "black", [ "v-16", "h0" ] ],
    [ "uno:11", "btn2:1.r", "orange", [ "v-32", "h0" ] ],
    [ "uno:GND.1", "btn2:2.r", "black", [ "v-16", "h0" ] ],
    [ "uno:10", "btn3:1.r", "yellow", [ "v-38", "h0" ] ],
    [ "uno:GND.1", "btn3:2.r", "black", [ "v-16", "h0" ] ],
    [ "uno:9", "btn4:1.r", "green", [ "v-46", "h20" ] ],
    [ "uno:GND.1", "btn4:2.r", "black", [ "v-16", "h0" ] ],
    [ "uno:7", "btn5:1.r", "cyan", [ "v-56", "h0" ] ],
    [ "uno:GND.1", "btn5:2.r", "black", [ "v-16", "h0" ] ],
    [ "uno:6", "btn6:1.r", "blue", [ "v-48", "h0" ] ],
    [ "uno:GND.1", "btn6:2.r", "black", [ "v-16", "h0" ] ],
    [ "uno:5", "btn7:1.r", "purple", [ "v-40", "h0" ] ],
    [ "uno:GND.1", "btn7:2.r", "black", [ "v-16", "h0" ] ],
    [ "uno:4", "btn8:1.r", "red", [ "v-32", "h0" ] ],
    [ "uno:GND.1", "btn8:2.r", "black", [ "v-16", "h0" ] ],
    [ "oled1:VCC", "uno:5V", "red", [ "v-48", "h-57.45", "v201.6", "h-124.8" ] ],
    [ "oled1:GND", "uno:GND.3", "black", [ "v-28.8", "h-38.4", "v201.6", "h-115.2" ] ],
    [ "oled1:SDA", "uno:A4", "white", [ "v-48", "h67.27", "v211.2", "h-192" ] ],
    [ "oled1:SCL", "uno:A5", "white", [ "v-86.4", "h125.1", "v288", "h-220.8" ] ],
    [ "btn10:2.r", "uno:A1", "violet", [ "v0.2", "h-125" ] ],
    [ "btn9:2.r", "uno:A0", "violet", [ "v134.6", "h-77", "v0" ] ],
    [ "uno:GND.3", "btn9:1.r", "#8f4814", [ "v-192.1", "h119.2" ] ],
    [ "btn10:1.r", "uno:GND.2", "#8f4814", [ "v19.4", "h-144", "v163.2", "h-76.8" ] ]
  ],
  "dependencies": {}
}